{
  "GCE": {
    "__EN": {
      "head": {
        "language": "en",
        "pageTitle": "Golden Circle Private tour",
        "tourTitle": "Golden Circle Essentials",
        "description": "Follow Lilja Tours on the most popular tour in Iceland: The Golden Circle. Explore the National Park of Þingvellir, Geysir and Gullfoss, in a 6 hour tour.",
        "ogTitle": "Private tour: Golden Circle Essentials",
        "ogImage": "/.../...webp",
        "ogDescription": "Follow Lilja Tours on the most popular tour in Iceland: The Golden Circle. Explore the National Park of Þingvellir, Geysir and Gullfoss, in a 6 hour tour.",
        "ogURL": "https://jklfdhgkasdhgsdkljfhg",
        "ogLocale": "en_US",
        "ogLocaleAlt": "fr_FR"
      },

      "body": {
        "h1": "Golden Circle Essentials",
        "duration": "6",
        "capacity": "6",
        "interests": "Sightseeing, History",
        "season": "All year round",
        "difficulty": "No difficulty",

        "headerCover": {
          "srcMobile": "/pictures/golden-circle-essentials/headers/oxararfoss-mobile.webp",
          "srcPC": "/pictures/golden-circle-essentials/headers/oxararfoss-pc.webp",
          "alt": "Frozen waterfall and sunset",
          "title": "Private Golden Circle Tour: Öxarárfoss"
        },

        "itiCover": {
          "itiTitle": "Your itinerary",
          "itiSrcMobile": "/pictures/golden-circle-essentials/itinerary/title/gullfoss-mobile.webp",
          "itiSrcPC": "/pictures/golden-circle-essentials/itinerary/title/gullfoss-pc.webp",
          "itiAlt": "",
          "itiPicTitle": ""
        },

        "linkFr": "https://www.lilja-tours.com",
        "bookVan": "https...Bokun",
        "bookJeep": "https...Bokun",

        "itiItem": [
          {
            "itiItemTitle": "Þingvellir National Park",
            "itiItemPicSrcMobile": "/pictures/golden-circle-essentials/itinerary/thingvellir/Thingvellir-portrait.webp",
            "itiItemPicSrcPC": "/pictures/golden-circle-essentials/itinerary/thingvellir/Thingvellir-landscape.webp",
            "itiItemPicAlt": "Landscape of mountains, rivers and lake",
            "itiItemPicTitle": "Golden Circle Essentials: Þingvellir"
          },
          {
            "itiItemTitle": "Þingvellir National Park",
            "itiItemPicSrcMobile": "/pictures/golden-circle-essentials/itinerary/geysir/geysir-portrait.webp",
            "itiItemPicSrcPC": "/pictures/golden-circle-essentials/itinerary/geysir/geysir-landscape.webp",
            "itiItemPicAlt": "Geyser erupting",
            "itiItemPicTitle": "Golden Circle Essentials: Geysir"
          },
          {
            "itiItemTitle": "Þingvellir National Park",
            "itiItemPicSrcMobile": "/pictures/golden-circle-essentials/itinerary/gullfoss/gullfoss-portrait.webp",
            "itiItemPicSrcPC": "/pictures/golden-circle-essentials/itinerary/gullfoss/gullfoss-landscape.webp",
            "itiItemPicAlt": "Landscape of mountains, rivers and lake",
            "itiItemPicTitle": "Golden Circle Essentials: Þingvellir"
          }
        ],

        "goodToKnow": [
          "1km walk on even ground",
          "1km walk on easy terrain, with a few steps",
          "Restaurants available in Gullfoss or Geysir"
        ],

        "WhatToBring": [
          "Weatherproof clothes",
          "Warm clothes in the winter",
          "Comfortable shoes"
        ],

        "Included": [
          "Private driver guide",
          "Comfortable vehicle",
          "All entrances and parking fees"
        ],

        "nonIncluded": ["Food, drinks", "Meals, snacks", "personal expenses"],

        "gallery": [
          {
            "srcMob": "/pictures/golden-circle-essentials/gallery/Thingvellir-1-mobile.webp",
            "srcPc": "/pictures/golden-circle-essentials/gallery/Thingvellir-1-pc.webp",
            "alt": "Huge mountain, large lake, and tiny forest",
            "title": "Golden Circle Essentials: Thingvellir"
          },
          {
            "srcMob": "/pictures/golden-circle-essentials/gallery/Thingvellir-2-mobile.webp",
            "srcPc": "/pictures/golden-circle-essentials/gallery/Thingvellir-2-pc.webp",
            "alt": "Small waterfall with a rainbow in the mist",
            "title": "Golden Circle Essentials: Thingvellir"
          },
          {
            "srcMob": "/pictures/golden-circle-essentials/gallery/Thingvellir-3-mobile.webp",
            "srcPc": "/pictures/golden-circle-essentials/gallery/Thingvellir-3-pc.webp",
            "alt": "Sunrise over lakes and islands",
            "title": "Golden Circle Essentials: Thingvellir"
          },
          {
            "srcMob": "/pictures/golden-circle-essentials/gallery/Thingvellir-4-mobile.webp",
            "srcPc": "/pictures/golden-circle-essentials/gallery/Thingvellir-4-pc.webp",
            "alt": "Snowy mountains and frozen lakes",
            "title": "Golden Circle Essentials: Thingvellir"
          },
          {
            "srcMob": "/pictures/golden-circle-essentials/gallery/geysir-1-mobile.webp",
            "srcPc": "/pictures/golden-circle-essentials/gallery/geysir-1-pc.webp",
            "alt": "Erupting Geyser",
            "title": "Golden Circle Essentials: Geysir"
          },
          {
            "srcMob": "/pictures/golden-circle-essentials/gallery/geysir-2-mobile.webp",
            "srcPc": "/pictures/golden-circle-essentials/gallery/geysir-2-pc.webp",
            "alt": "Word geysir carved in stone before a steaming water stream",
            "title": "Golden Circle Essentials: Geysir"
          },
          {
            "srcMob": "/pictures/golden-circle-essentials/gallery/geysir-3-mobile.webp",
            "srcPc": "/pictures/golden-circle-essentials/gallery/geysir-3-pc.webp",
            "alt": "Cloud of steam after a geyser's eruption",
            "title": "Golden Circle Essentials: Geysir"
          },
          {
            "srcMob": "/pictures/golden-circle-essentials/gallery/gullfoss-1-mobile.webp",
            "srcPc": "/pictures/golden-circle-essentials/gallery/gullfoss-1-pc.webp",
            "alt": "Two drops of one large waterfall",
            "title": "Golden Circle Essentials: Gullfoss"
          },
          {
            "srcMob": "/pictures/golden-circle-essentials/gallery/gullfoss-2-mobile.webp",
            "srcPc": "/pictures/golden-circle-essentials/gallery/gullfoss-2-pc.webp",
            "alt": "Family posing before a waterfall",
            "title": "Golden Circle Essentials: Gullfoss"
          },
          {
            "srcMob": "/pictures/golden-circle-essentials/gallery/gullfoss-3-mobile.webp",
            "srcPc": "/pictures/golden-circle-essentials/gallery/gullfoss-3-pc.webp",
            "alt": "Immense waterfall, in wintery landscape",
            "title": "Golden Circle Essentials: Gullfoss"
          }
        ],

        "typeTags": [
          {
            "tag": "Sightseeing",
            "tagLink": "/.....html"
          }
        ],

        "regionTags": [
          {
            "tag": "Golden Circle",
            "tagLink": "/.....html"
          }
        ],

        "cardPic": {
          "imgSrc": "/pictures/golden-circle-essentials/card/golden-circle-essentials-card.webp",
          "imgAlt": "A geyser about to erupt",
          "imgTitle": "Private tour: Golden Circle Essentials"
        }
      }
    }
  }
}
